"","title","employ22","employ32","med_wage","entry_educ","onjob_training"
"1","Accountants and auditors",1538.4,1605.8,78000,"Bachelor's degree","None"
"2","Actors",78.1,80.6,NA,"Some college, no degree","Long-term on-the-job training"
"3","Actuaries",30,36.9,113990,"Bachelor's degree","Long-term on-the-job training"
"4","Acupuncturists",26.6,28,72220,"Master's degree","None"
"5","Adhesive bonding machine operators and tenders",11.4,11.2,38780,"High school diploma or equivalent","Moderate-term on-the-job training"
"6","Administrative law judges, adjudicators, and hearing officers",13.2,13.4,94990,"Doctoral or professional degree","Short-term on-the-job training"
"7","Administrative services managers",250.8,264.9,103330,"Bachelor's degree","None"
"8","Adult basic education, adult secondary education, and english as a second language instructors",42.2,36.9,58590,"Bachelor's degree","None"
"9","Advertising and promotions managers",30.9,31.4,127830,"Bachelor's degree","None"
"10","Advertising sales agents",111.4,103.4,58450,"High school diploma or equivalent","Moderate-term on-the-job training"
"11","Aerospace engineering and operations technologists and technicians",10.2,11,74410,"Associate's degree","None"
"12","Aerospace engineers",63.8,67.7,126880,"Bachelor's degree","None"
"13","Agents and business managers of artists, performers, and athletes",19.9,21.5,82530,"Bachelor's degree","None"
"14","Agricultural engineers",1.6,1.7,83260,"Bachelor's degree","None"
"15","Agricultural equipment operators",64,69.5,37780,"No formal educational credential","Moderate-term on-the-job training"
"16","Agricultural inspectors",14.1,14.4,44720,"Bachelor's degree","Moderate-term on-the-job training"
"17","Agricultural sciences teachers, postsecondary",10.1,10.5,85860,"Doctoral or professional degree","None"
"18","Agricultural technicians",17.6,18.4,41760,"Associate's degree","Moderate-term on-the-job training"
"19","Agricultural workers, all other",11.2,11.4,35720,"No formal educational credential","Short-term on-the-job training"
"20","Air traffic controllers",23,23.3,132250,"Associate's degree","Long-term on-the-job training"
"21","Aircraft cargo handling supervisors",8,8.7,53490,"High school diploma or equivalent","None"
"22","Aircraft mechanics and service technicians",140.2,146.2,70010,"Postsecondary nondegree award","None"
"23","Aircraft service attendants",19.9,20.8,37050,"High school diploma or equivalent","Short-term on-the-job training"
"24","Aircraft structure, surfaces, rigging, and systems assemblers",33.9,28.8,58430,"High school diploma or equivalent","Moderate-term on-the-job training"
"25","Airfield operations specialists",15,15.8,49600,"High school diploma or equivalent","Long-term on-the-job training"
"26","Airline pilots, copilots, and flight engineers",91.7,95.2,211790,"Bachelor's degree","Moderate-term on-the-job training"
"27","Ambulance drivers and attendants, except emergency medical technicians",10.1,10.1,30380,"High school diploma or equivalent","Moderate-term on-the-job training"
"28","Amusement and recreation attendants",343.8,358.1,27780,"No formal educational credential","Short-term on-the-job training"
"29","Anesthesiologists",40,41.1,239200,"Doctoral or professional degree","Internship/residency"
"30","Animal breeders",6.5,6.6,45320,"High school diploma or equivalent","Short-term on-the-job training"
"31","Animal caretakers",339,391.5,29530,"High school diploma or equivalent","Short-term on-the-job training"
"32","Animal control workers",11.9,12.4,39320,"High school diploma or equivalent","Moderate-term on-the-job training"
"33","Animal scientists",2.8,2.9,69390,"Bachelor's degree","None"
"34","Animal trainers",54.1,62.8,35620,"High school diploma or equivalent","Moderate-term on-the-job training"
"35","Anthropologists and archeologists",8,8.3,63940,"Master's degree","None"
"36","Anthropology and archeology teachers, postsecondary",6.2,6.4,85000,"Doctoral or professional degree","None"
"37","Arbitrators, mediators, and conciliators",9.1,9.6,64030,"Bachelor's degree","Moderate-term on-the-job training"
"38","Architects, except landscape and naval",123.7,129.7,82840,"Bachelor's degree","Internship/residency"
"39","Architectural and civil drafters",107.1,107.7,59820,"Associate's degree","None"
"40","Architectural and engineering managers",201.5,209.7,159920,"Bachelor's degree","None"
"41","Architecture teachers, postsecondary",8.2,8.5,93220,"Doctoral or professional degree","None"
"42","Archivists",9.4,10.2,58640,"Master's degree","None"
"43","Area, ethnic, and cultural studies teachers, postsecondary",11.9,12.4,80910,"Doctoral or professional degree","None"
"44","Art directors",135.1,143.2,105180,"Bachelor's degree","None"
"45","Art, drama, and music teachers, postsecondary",123.9,127.8,77280,"Master's degree","None"
"46","Artists and related workers, all other",14,14.5,69760,"No formal educational credential","Long-term on-the-job training"
"47","Astronomers",2.4,2.6,128330,"Doctoral or professional degree","None"
"48","Athletes and sports competitors",14,15.2,94270,"No formal educational credential","Long-term on-the-job training"
"49","Athletic trainers",33.8,38.5,53840,"Master's degree","None"
"50","Atmospheric and space scientists",10.5,11,83780,"Bachelor's degree","None"
"51","Atmospheric, earth, marine, and space sciences teachers, postsecondary",13.6,14.1,97770,"Doctoral or professional degree","None"
"52","Audio and video technicians",74.8,78.3,50660,"Postsecondary nondegree award","Short-term on-the-job training"
"53","Audiologists",14.4,15.9,82680,"Doctoral or professional degree","None"
"54","Audiovisual equipment installers and repairers",26.9,25.2,44960,"Postsecondary nondegree award","Short-term on-the-job training"
"55","Automotive and watercraft service attendants",100.7,100.9,30850,"No formal educational credential","Short-term on-the-job training"
"56","Automotive body and related repairers",153.3,155.2,47670,"High school diploma or equivalent","Long-term on-the-job training"
"57","Automotive glass installers and repairers",21.9,22.2,43700,"High school diploma or equivalent","Moderate-term on-the-job training"
"58","Automotive service technicians and mechanics",782.2,795,46970,"Postsecondary nondegree award","Short-term on-the-job training"
"59","Avionics technicians",20.8,21.7,75450,"Associate's degree","None"
"60","Baggage porters and bellhops",27.7,29.4,31510,"High school diploma or equivalent","Short-term on-the-job training"
"61","Bailiffs",17.1,16.8,49100,"High school diploma or equivalent","Moderate-term on-the-job training"
"62","Bakers",218.8,229.6,32780,"No formal educational credential","Moderate-term on-the-job training"
"63","Barbers",63.1,67.6,34990,"Postsecondary nondegree award","None"
"64","Bartenders",641.3,662.6,29380,"No formal educational credential","Short-term on-the-job training"
"65","Bicycle repairers",14.4,14.9,36250,"High school diploma or equivalent","Moderate-term on-the-job training"
"66","Bill and account collectors",209.7,189.6,39470,"High school diploma or equivalent","Moderate-term on-the-job training"
"67","Billing and posting clerks",456.3,456.4,42810,"High school diploma or equivalent","Moderate-term on-the-job training"
"68","Biochemists and biophysicists",34.5,36.8,103810,"Doctoral or professional degree","None"
"69","Bioengineers and biomedical engineers",19.7,20.7,99550,"Bachelor's degree","None"
"70","Biological science teachers, postsecondary",62.4,67.7,81650,"Doctoral or professional degree","None"
"71","Biological scientists, all other",60.4,62.7,87300,"Bachelor's degree","None"
"72","Biological technicians",81.4,85.3,49650,"Bachelor's degree","None"
"73","Boilermakers",13.7,13.1,66920,"High school diploma or equivalent","Apprenticeship"
"74","Bookkeeping, accounting, and auditing clerks",1735.8,1627.5,45860,"Some college, no degree","Moderate-term on-the-job training"
"75","Brickmasons and blockmasons",73,73.3,59000,"High school diploma or equivalent","Apprenticeship"
"76","Bridge and lock tenders",3.8,3.8,47280,"High school diploma or equivalent","Short-term on-the-job training"
"77","Broadcast announcers and radio disc jockeys",28,24.8,41750,"Bachelor's degree","None"
"78","Broadcast technicians",39.9,39.4,60700,"Associate's degree","Short-term on-the-job training"
"79","Brokerage clerks",43.7,39.8,54680,"High school diploma or equivalent","Moderate-term on-the-job training"
"80","Budget analysts",51.6,53.3,82260,"Bachelor's degree","None"
"81","Building cleaning workers, all other",17.1,17.5,37200,"No formal educational credential","Short-term on-the-job training"
"82","Bus and truck mechanics and diesel engine specialists",291.6,294.1,54360,"High school diploma or equivalent","Long-term on-the-job training"
"83","Bus drivers, school",358.8,363.7,41270,"High school diploma or equivalent","Short-term on-the-job training"
"84","Bus drivers, transit and intercity",156.4,164.8,50890,"High school diploma or equivalent","Moderate-term on-the-job training"
"85","Business operations specialists, all other",1174.8,1223.6,75990,"Bachelor's degree","None"
"86","Business teachers, postsecondary",99.9,106.9,88790,"Doctoral or professional degree","None"
"87","Butchers and meat cutters",131.6,130.1,36930,"No formal educational credential","Long-term on-the-job training"
"88","Buyers and purchasing agents",494.4,456.3,67620,"Bachelor's degree","Moderate-term on-the-job training"
"89","Cabinetmakers and bench carpenters",105.7,103.7,38810,"High school diploma or equivalent","Moderate-term on-the-job training"
"90","Calibration technologists and technicians",11.3,11.8,62050,"Associate's degree","None"
"91","Camera and photographic equipment repairers",2.4,2.4,44060,"High school diploma or equivalent","Long-term on-the-job training"
"92","Camera operators, television, video, and film",36.5,37.5,58230,"Bachelor's degree","None"
"93","Captains, mates, and pilots of water vessels",39.6,40.3,95210,"Postsecondary nondegree award","None"
"94","Cardiologists",18,18.6,239200,"Doctoral or professional degree","Internship/residency"
"95","Cardiovascular technologists and technicians",58.9,61.1,63020,"Associate's degree","None"
"96","Career/technical education teachers, middle school",11.1,11.1,62630,"Bachelor's degree","None"
"97","Career/technical education teachers, postsecondary",113,112.5,59840,"Bachelor's degree","None"
"98","Career/technical education teachers, secondary school",88,87.7,62500,"Bachelor's degree","None"
"99","Cargo and freight agents",95.9,105.2,46860,"High school diploma or equivalent","Short-term on-the-job training"
"100","Carpenters",956.3,964.9,51390,"High school diploma or equivalent","Apprenticeship"
"101","Carpet installers",25.1,22.3,45240,"No formal educational credential","Short-term on-the-job training"
"102","Cartographers and photogrammetrists",14,14.7,71890,"Bachelor's degree","None"
"103","Cashiers",3345.8,2997.7,28240,"No formal educational credential","Short-term on-the-job training"
"104","Cement masons and concrete finishers",206.2,197.9,48300,"No formal educational credential","Moderate-term on-the-job training"
"105","Chefs and head cooks",174.4,183.6,56520,"High school diploma or equivalent","None"
"106","Chemical engineers",20.8,22.5,106260,"Bachelor's degree","None"
"107","Chemical equipment operators and tenders",120.2,113.7,49330,"High school diploma or equivalent","Moderate-term on-the-job training"
"108","Chemical plant and system operators",19.3,18.6,82670,"High school diploma or equivalent","Moderate-term on-the-job training"
"109","Chemical technicians",58.8,60.7,50840,"Associate's degree","Moderate-term on-the-job training"
"110","Chemistry teachers, postsecondary",25.9,26.8,80720,"Doctoral or professional degree","None"
"111","Chemists",87.1,92.5,80670,"Bachelor's degree","None"
"112","Chief executives",280,257,189520,"Bachelor's degree","None"
"113","Child, family, and school social workers",355.3,374.3,50820,"Bachelor's degree","None"
"114","Childcare workers",945.9,927.4,28520,"High school diploma or equivalent","Short-term on-the-job training"
"115","Chiropractors",55,59.8,75380,"Doctoral or professional degree","None"
"116","Choreographers",6.9,7.3,50990,"High school diploma or equivalent","Long-term on-the-job training"
"117","Civil engineering technologists and technicians",64.8,65.4,59630,"Associate's degree","None"
"118","Civil engineers",326.3,342.5,89940,"Bachelor's degree","None"
"119","Claims adjusters, examiners, and investigators",329,318.7,72230,"High school diploma or equivalent","Long-term on-the-job training"
"120","Cleaners of vehicles and equipment",401.8,416.8,31000,"No formal educational credential","Short-term on-the-job training"
"121","Cleaning, washing, and metal pickling equipment operators and tenders",14,14.5,37190,"High school diploma or equivalent","Moderate-term on-the-job training"
"122","Clergy",266.7,268.2,55550,"Bachelor's degree","Moderate-term on-the-job training"
"123","Clinical and counseling psychologists",67.5,75.2,90130,"Doctoral or professional degree","Internship/residency"
"124","Clinical laboratory technologists and technicians",342.9,359.7,57380,"Bachelor's degree","None"
"125","Coaches and scouts",275.2,300.5,44890,"Bachelor's degree","None"
"126","Coating, painting, and spraying machine setters, operators, and tenders",172.4,173.4,43960,"High school diploma or equivalent","Moderate-term on-the-job training"
"127","Coil winders, tapers, and finishers",11.1,9.3,43160,"High school diploma or equivalent","Moderate-term on-the-job training"
"128","Coin, vending, and amusement machine servicers and repairers",39.2,38.5,39690,"High school diploma or equivalent","Short-term on-the-job training"
"129","Commercial and industrial designers",32.4,33,75910,"Bachelor's degree","None"
"130","Commercial divers",4.4,4.7,68300,"Postsecondary nondegree award","Moderate-term on-the-job training"
"131","Commercial pilots",50.9,52.9,103910,"Postsecondary nondegree award","Moderate-term on-the-job training"
"132","Communications equipment operators, all other",1.8,1.9,46180,"High school diploma or equivalent","Short-term on-the-job training"
"133","Communications teachers, postsecondary",33.6,34.8,76250,"Doctoral or professional degree","None"
"134","Community and social service specialists, all other",103,109.7,47290,"Bachelor's degree","None"
"135","Community health workers",67.2,76.6,46190,"High school diploma or equivalent","Short-term on-the-job training"
"136","Compensation and benefits managers",17.5,17.8,131280,"Bachelor's degree","None"
"137","Compensation, benefits, and job analysis specialists",98.2,105.1,67780,"Bachelor's degree","None"
"138","Compliance officers",377.5,394.7,71690,"Bachelor's degree","Moderate-term on-the-job training"
"139","Computer and information research scientists",36.5,44.8,136620,"Master's degree","None"
"140","Computer and information systems managers",557.4,643.3,164070,"Bachelor's degree","None"
"141","Computer hardware engineers",78.1,81.6,132360,"Bachelor's degree","None"
"142","Computer network architects",180.2,186.6,126900,"Bachelor's degree","None"
"143","Computer network support specialists",177.9,190.4,68050,"Associate's degree","Moderate-term on-the-job training"
"144","Computer numerically controlled tool operators",181.8,167.2,46760,"High school diploma or equivalent","Moderate-term on-the-job training"
"145","Computer numerically controlled tool programmers",28.5,33,60800,"Postsecondary nondegree award","Moderate-term on-the-job training"
"146","Computer occupations, all other",449.4,493.1,98740,"Bachelor's degree","None"
"147","Computer programmers",147.4,130.8,97800,"Bachelor's degree","None"
"148","Computer science teachers, postsecondary",42,44.3,84760,"Doctoral or professional degree","None"
"149","Computer systems analysts",531.4,582.6,102240,"Bachelor's degree","None"
"150","Computer user support specialists",736.2,772.9,57890,"Some college, no degree","Moderate-term on-the-job training"
"151","Computer, automated teller, and office machine repairers",96.4,86,44910,"Some college, no degree","Short-term on-the-job training"
"152","Concierges",38.7,40.9,35560,"High school diploma or equivalent","Moderate-term on-the-job training"
"153","Conservation scientists",24.7,25.7,64460,"Bachelor's degree","None"
"154","Construction and building inspectors",142.4,140.2,64480,"High school diploma or equivalent","Moderate-term on-the-job training"
"155","Construction laborers",1418.6,1480.5,40750,"No formal educational credential","Short-term on-the-job training"
"156","Construction managers",505.8,528.7,101480,"Bachelor's degree","Moderate-term on-the-job training"
"157","Continuous mining machine operators",13.9,13.5,57360,"No formal educational credential","Moderate-term on-the-job training"
"158","Control and valve installers and repairers, except mechanical door",47.9,47.6,64810,"High school diploma or equivalent","Moderate-term on-the-job training"
"159","Conveyor operators and tenders",30.6,32.4,36890,"No formal educational credential","Short-term on-the-job training"
"160","Cooks, all other",20.2,20.8,33390,"No formal educational credential","Moderate-term on-the-job training"
"161","Cooks, fast food",742,640.4,27640,"No formal educational credential","Short-term on-the-job training"
"162","Cooks, institution and cafeteria",434.5,443.4,32510,"No formal educational credential","Short-term on-the-job training"
"163","Cooks, private household",34,32.1,38570,"Postsecondary nondegree award","None"
"164","Cooks, restaurant",1361.2,1638.9,34110,"No formal educational credential","Moderate-term on-the-job training"
"165","Cooks, short order",137.4,128.9,30360,"No formal educational credential","Short-term on-the-job training"
"166","Cooling and freezing equipment operators and tenders",7.1,7.4,42890,"High school diploma or equivalent","Moderate-term on-the-job training"
"167","Correctional officers and jailers",378.5,349.9,49610,"High school diploma or equivalent","Moderate-term on-the-job training"
"168","Correspondence clerks",6,5.6,38700,"High school diploma or equivalent","Short-term on-the-job training"
"169","Cost estimators",231.4,224.9,71200,"Bachelor's degree","Moderate-term on-the-job training"
"170","Costume attendants",6.1,6.4,48470,"High school diploma or equivalent","Short-term on-the-job training"
"171","Counselors, all other",68.2,80,43390,"Master's degree","None"
"172","Counter and rental clerks",380.8,391.2,35830,"No formal educational credential","Short-term on-the-job training"
"173","Couriers and messengers",217.1,220.6,35280,"High school diploma or equivalent","Short-term on-the-job training"
"174","Court reporters and simultaneous captioners",21.3,21.9,63560,"Postsecondary nondegree award","Short-term on-the-job training"
"175","Court, municipal, and license clerks",170.6,175.7,44140,"High school diploma or equivalent","Long-term on-the-job training"
"176","Craft artists",11.5,12,38150,"No formal educational credential","Long-term on-the-job training"
"177","Crane and tower operators",48.4,48.5,61340,"High school diploma or equivalent","Moderate-term on-the-job training"
"178","Credit analysts",73,69.9,78850,"Bachelor's degree","None"
"179","Credit authorizers, checkers, and clerks",16.4,15.5,44830,"High school diploma or equivalent","Moderate-term on-the-job training"
"180","Credit counselors",32.8,34.6,47320,"Bachelor's degree","Moderate-term on-the-job training"
"181","Crematory operators",3,3.1,40360,"High school diploma or equivalent","Short-term on-the-job training"
"182","Criminal justice and law enforcement teachers, postsecondary",16.5,16.9,64990,"Doctoral or professional degree","None"
"183","Crossing guards and flaggers",94.1,98,33380,"No formal educational credential","Short-term on-the-job training"
"184","Crushing, grinding, and polishing machine setters, operators, and tenders",28.8,27.8,43290,"High school diploma or equivalent","Moderate-term on-the-job training"
"185","Curators",13.9,15.4,60380,"Master's degree","None"
"186","Customer service representatives",2982.9,2820.2,37780,"High school diploma or equivalent","Short-term on-the-job training"
"187","Cutters and trimmers, hand",8.3,5.9,36130,"No formal educational credential","Short-term on-the-job training"
"188","Cutting and slicing machine setters, operators, and tenders",55.8,53.4,39880,"High school diploma or equivalent","Moderate-term on-the-job training"
"189","Cutting, punching, and press machine setters, operators, and tenders, metal and plastic",184.8,164.7,39340,"High school diploma or equivalent","Moderate-term on-the-job training"
"190","Dancers",11.5,12.2,NA,"No formal educational credential","Long-term on-the-job training"
"191","Data entry keyers",165.6,122.5,36190,"High school diploma or equivalent","Short-term on-the-job training"
"192","Data scientists",168.9,228.2,103500,"Bachelor's degree","None"
"193","Database administrators",85.2,91.2,99890,"Bachelor's degree","None"
"194","Database architects",64,70.4,134870,"Bachelor's degree","None"
"195","Demonstrators and product promoters",45,46.8,34770,"No formal educational credential","Short-term on-the-job training"
"196","Dental assistants",371,396.7,44820,"Postsecondary nondegree award","None"
"197","Dental hygienists",219.4,235.7,81400,"Associate's degree","None"
"198","Dental laboratory technicians",35.4,33.8,46050,"High school diploma or equivalent","Moderate-term on-the-job training"
"199","Dentists, all other specialists",5.8,6,212740,"Doctoral or professional degree","Internship/residency"
"200","Dentists, general",136.7,142.7,155040,"Doctoral or professional degree","None"
"201","Dermatologists",12.4,12.8,239200,"Doctoral or professional degree","Internship/residency"
"202","Derrick operators, oil and gas",11.9,11.9,51220,"No formal educational credential","Short-term on-the-job training"
"203","Designers, all other",33.5,34.6,65390,"Bachelor's degree","None"
"204","Desktop publishers",8.5,7.4,47910,"Associate's degree","Short-term on-the-job training"
"205","Detectives and criminal investigators",114.4,116.1,86280,"High school diploma or equivalent","Moderate-term on-the-job training"
"206","Diagnostic medical sonographers",83.8,95.8,81350,"Associate's degree","None"
"207","Dietetic technicians",20.2,20.9,33960,"Associate's degree","None"
"208","Dietitians and nutritionists",78.6,83.8,66450,"Bachelor's degree","Internship/residency"
"209","Dining room and cafeteria attendants and bartender helpers",459.2,478.4,29120,"No formal educational credential","Short-term on-the-job training"
"210","Directors, religious activities and education",171,170.6,49380,"Bachelor's degree","None"
"211","Disc jockeys, except radio",23.8,24.8,NA,"High school diploma or equivalent","Short-term on-the-job training"
"212","Dishwashers",447.1,436.9,29080,"No formal educational credential","Short-term on-the-job training"
"213","Dispatchers, except police, fire, and ambulance",214.8,212.5,44830,"High school diploma or equivalent","Moderate-term on-the-job training"
"214","Door-to-door sales workers, news and street vendors, and related workers",36.4,30.6,31100,"No formal educational credential","Short-term on-the-job training"
"215","Drafters, all other",18.7,17.3,57640,"Associate's degree","None"
"216","Dredge operators",1,1.1,47090,"High school diploma or equivalent","Moderate-term on-the-job training"
"217","Drilling and boring machine tool setters, operators, and tenders, metal and plastic",6.6,5.4,42450,"High school diploma or equivalent","Moderate-term on-the-job training"
"218","Driver/sales workers",541,582.9,32690,"High school diploma or equivalent","Short-term on-the-job training"
"219","Drywall and ceiling tile installers",116.4,118.2,50440,"No formal educational credential","Moderate-term on-the-job training"
"220","Earth drillers, except oil and gas",20.4,20.8,51740,"High school diploma or equivalent","Long-term on-the-job training"
"221","Economics teachers, postsecondary",14.8,15.4,103930,"Doctoral or professional degree","None"
"222","Economists",17.6,18.7,113940,"Master's degree","None"
"223","Editors",122.1,117.3,73080,"Bachelor's degree","None"
"224","Education administrators, all other",57.6,59.2,89130,"Bachelor's degree","None"
"225","Education administrators, kindergarten through secondary",300.4,303.7,101320,"Master's degree","None"
"226","Education administrators, postsecondary",218.2,225.9,99940,"Master's degree","None"
"227","Education and childcare administrators, preschool and daycare",74.8,72.6,49690,"Bachelor's degree","None"
"228","Education teachers, postsecondary",74.3,77.1,66930,"Doctoral or professional degree","None"
"229","Educational instruction and library workers, all other",145.3,148.6,47650,"Bachelor's degree","None"
"230","Educational, guidance, and career counselors and advisors",342.4,360.8,60140,"Master's degree","None"
"231","Electric motor, power tool, and related repairers",16.1,16.5,48260,"High school diploma or equivalent","Moderate-term on-the-job training"
"232","Electrical and electronic engineering technologists and technicians",102.5,103.3,66390,"Associate's degree","None"
"233","Electrical and electronics drafters",21.8,22,64240,"Associate's degree","None"
"234","Electrical and electronics installers and repairers, transportation equipment",7.9,8.3,73630,"Postsecondary nondegree award","Long-term on-the-job training"
"235","Electrical and electronics repairers, commercial and industrial equipment",53.6,53.2,64030,"Postsecondary nondegree award","Long-term on-the-job training"
"236","Electrical and electronics repairers, powerhouse, substation, and relay",26.1,25.4,93720,"Postsecondary nondegree award","Moderate-term on-the-job training"
"237","Electrical engineers",188.8,196.6,103320,"Bachelor's degree","None"
"238","Electrical power-line installers and repairers",122.4,125.8,82340,"High school diploma or equivalent","Long-term on-the-job training"
"239","Electrical, electronic, and electromechanical assemblers, except coil winders, tapers, and finishers",282.9,295.6,38580,"High school diploma or equivalent","Moderate-term on-the-job training"
"240","Electricians",762.6,811.8,60240,"High school diploma or equivalent","Apprenticeship"
"241","Electro-mechanical and mechatronics technologists and technicians",15.2,14.8,60570,"Associate's degree","None"
"242","Electronic equipment installers and repairers, motor vehicles",9.7,7.9,41600,"High school diploma or equivalent","Moderate-term on-the-job training"
"243","Electronics engineers, except computer",110.9,118.9,108170,"Bachelor's degree","None"
"244","Elementary school teachers, except special education",1425,1435,61690,"Bachelor's degree","None"
"245","Elevator and escalator installers and repairers",25.1,25.5,99000,"High school diploma or equivalent","Apprenticeship"
"246","Eligibility interviewers, government programs",157.5,161,49230,"High school diploma or equivalent","Moderate-term on-the-job training"
"247","Embalmers",4,4,49910,"Associate's degree","Long-term on-the-job training"
"248","Emergency management directors",11.8,12.2,79180,"Bachelor's degree","None"
"249","Emergency medical technicians",170.7,180,36680,"Postsecondary nondegree award","None"
"250","Emergency medicine physicians",31.3,32.2,239200,"Doctoral or professional degree","Internship/residency"
"251","Engine and other machine assemblers",50.9,41.3,50850,"High school diploma or equivalent","Moderate-term on-the-job training"
"252","Engineering teachers, postsecondary",45.5,49.7,103550,"Doctoral or professional degree","None"
"253","Engineering technologists and technicians, except drafters, all other",74.1,76.4,65520,"Associate's degree","None"
"254","Engineers, all other",170.3,176,104600,"Bachelor's degree","None"
"255","English language and literature teachers, postsecondary",70.1,70.9,74280,"Doctoral or professional degree","None"
"256","Entertainers and performers, sports and related workers, all other",26.5,28.7,NA,"No formal educational credential","Short-term on-the-job training"
"257","Entertainment and recreation managers, except gambling",26.4,28.6,67220,"Bachelor's degree","None"
"258","Entertainment attendants and related workers, all other",5.2,5.5,27260,"High school diploma or equivalent","Short-term on-the-job training"
"259","Environmental engineering technologists and technicians",13.9,14.1,50980,"Associate's degree","None"
"260","Environmental engineers",47.3,50.2,96530,"Bachelor's degree","None"
"261","Environmental science and protection technicians, including health",35,37.1,48380,"Associate's degree","None"
"262","Environmental science teachers, postsecondary",7.9,8.2,83040,"Doctoral or professional degree","None"
"263","Environmental scientists and specialists, including health",80.5,85.3,76480,"Bachelor's degree","None"
"264","Epidemiologists",10,12.7,78520,"Master's degree","None"
"265","Etchers and engravers",8.5,8.4,37980,"High school diploma or equivalent","Moderate-term on-the-job training"
"266","Excavating and loading machine and dragline operators, surface mining",36.4,35,48350,"High school diploma or equivalent","Moderate-term on-the-job training"
"267","Executive secretaries and executive administrative assistants",511.1,403,65980,"High school diploma or equivalent","None"
"268","Exercise physiologists",16.5,18.2,51350,"Bachelor's degree","None"
"269","Exercise trainers and group fitness instructors",329.5,374.6,45380,"High school diploma or equivalent","Short-term on-the-job training"
"270","Explosives workers, ordnance handling experts, and blasters",4.9,4.9,56670,"High school diploma or equivalent","Long-term on-the-job training"
"271","Extraction workers, all other",6.6,6.4,51600,"High school diploma or equivalent","Moderate-term on-the-job training"
"272","Extruding and drawing machine setters, operators, and tenders, metal and plastic",64.3,63.1,39970,"High school diploma or equivalent","Moderate-term on-the-job training"
"273","Extruding and forming machine setters, operators, and tenders, synthetic and glass fibers",16.3,15.9,39860,"High school diploma or equivalent","Moderate-term on-the-job training"
"274","Extruding, forming, pressing, and compacting machine setters, operators, and tenders",60,59.2,39480,"High school diploma or equivalent","Moderate-term on-the-job training"
"275","Fabric and apparel patternmakers",3.4,3.1,60320,"High school diploma or equivalent","Moderate-term on-the-job training"
"276","Facilities managers",127,132.8,99030,"Bachelor's degree","None"
"277","Fallers",6.5,5.9,49160,"High school diploma or equivalent","Moderate-term on-the-job training"
"278","Family and consumer sciences teachers, postsecondary",2.9,3,76440,"Doctoral or professional degree","None"
"279","Family medicine physicians",108,112,211300,"Doctoral or professional degree","Internship/residency"
"280","Farm and home management educators",9.7,9.5,53450,"Master's degree","None"
"281","Farm equipment mechanics and service technicians",45.6,49.3,48010,"High school diploma or equivalent","Long-term on-the-job training"
"282","Farm labor contractors",1.6,1.7,49330,"No formal educational credential","Short-term on-the-job training"
"283","Farmers, ranchers, and other agricultural managers",922.9,880.6,75760,"High school diploma or equivalent","None"
"284","Farmworkers and laborers, crop, nursery, and greenhouse",523.5,512.2,33000,"No formal educational credential","Short-term on-the-job training"
"285","Farmworkers, farm, ranch, and aquacultural animals",199.4,188.9,34150,"No formal educational credential","Short-term on-the-job training"
"286","Fashion designers",24.9,25.7,76700,"Bachelor's degree","None"
"287","Fast food and counter workers",3410.1,3460.5,27930,"No formal educational credential","Short-term on-the-job training"
"288","Fence erectors",35.2,34.9,39840,"No formal educational credential","Moderate-term on-the-job training"
"289","Fiberglass laminators and fabricators",22.6,22.5,38110,"High school diploma or equivalent","Moderate-term on-the-job training"
"290","File clerks",91.1,76.5,37290,"High school diploma or equivalent","Short-term on-the-job training"
"291","Film and video editors",51,55.8,63520,"Bachelor's degree","None"
"292","Financial and investment analysts",317.2,341.4,95080,"Bachelor's degree","None"
"293","Financial clerks, all other",43.7,44.2,47130,"High school diploma or equivalent","Short-term on-the-job training"
"294","Financial examiners",65.6,78.5,82210,"Bachelor's degree","Long-term on-the-job training"
"295","Financial managers",792.6,919.2,139790,"Bachelor's degree","None"
"296","Financial risk specialists",58.9,63.7,102120,"Bachelor's degree","None"
"297","Financial specialists, all other",136,144.2,73810,"Bachelor's degree","None"
"298","Fine artists, including painters, sculptors, and illustrators",29.1,30.6,57560,"Bachelor's degree","Long-term on-the-job training"
"299","Fire inspectors and investigators",15,15.6,69450,"Postsecondary nondegree award","Moderate-term on-the-job training"
"300","Firefighters",334.2,346.2,51680,"Postsecondary nondegree award","Long-term on-the-job training"
"301","First-line supervisors of construction trades and extraction workers",809.9,830.3,74080,"High school diploma or equivalent","None"
"302","First-line supervisors of correctional officers",58.5,56.9,63310,"High school diploma or equivalent","None"
"303","First-line supervisors of entertainment and recreation workers, except gambling services",114.6,123.3,44660,"High school diploma or equivalent","None"
"304","First-line supervisors of farming, fishing, and forestry workers",56.6,58.1,54490,"High school diploma or equivalent","None"
"305","First-line supervisors of firefighting and prevention workers",87.1,90.2,80150,"Postsecondary nondegree award","Moderate-term on-the-job training"
"306","First-line supervisors of food preparation and serving workers",1221.7,1281.8,37050,"High school diploma or equivalent","None"
"307","First-line supervisors of gambling services workers",29.7,30.6,56290,"High school diploma or equivalent","None"
"308","First-line supervisors of housekeeping and janitorial workers",254.9,262.6,44440,"High school diploma or equivalent","None"
"309","First-line supervisors of landscaping, lawn service, and groundskeeping workers",230.9,237,50810,"High school diploma or equivalent","None"
"310","First-line supervisors of mechanics, installers, and repairers",576.2,590.2,73140,"High school diploma or equivalent","None"
"311","First-line supervisors of non-retail sales workers",364.4,356.4,82850,"High school diploma or equivalent","None"
"312","First-line supervisors of office and administrative support workers",1567.2,1486.4,61370,"High school diploma or equivalent","None"
"313","First-line supervisors of personal service workers",159,172.1,43680,"High school diploma or equivalent","None"
"314","First-line supervisors of police and detectives",137.9,142.2,96290,"High school diploma or equivalent","Moderate-term on-the-job training"
"315","First-line supervisors of production and operating workers",681.7,683.7,63510,"High school diploma or equivalent","None"
"316","First-line supervisors of protective service workers, all other",24.5,25.3,61030,"High school diploma or equivalent","None"
"317","First-line supervisors of retail sales workers",1405.8,1311.8,45250,"High school diploma or equivalent","None"
"318","First-line supervisors of security workers",62.2,59.8,48810,"High school diploma or equivalent","None"
"319","First-line supervisors of transportation and material moving workers, except aircraft cargo handling supervisors",601.1,629.2,57860,"High school diploma or equivalent","None"
"320","Fish and game wardens",6.9,6.5,59500,"Bachelor's degree","Moderate-term on-the-job training"
"321","Fishing and hunting workers",27.3,27.2,NA,"No formal educational credential","Moderate-term on-the-job training"
"322","Flight attendants",111.1,123.8,63760,"High school diploma or equivalent","Moderate-term on-the-job training"
"323","Floor layers, except carpet, wood, and hard tiles",30.2,32.3,48870,"No formal educational credential","Moderate-term on-the-job training"
"324","Floor sanders and finishers",6.2,6.2,46060,"No formal educational credential","Moderate-term on-the-job training"
"325","Floral designers",54.5,44.7,33160,"High school diploma or equivalent","Moderate-term on-the-job training"
"326","Food and tobacco roasting, baking, and drying machine operators and tenders",21.5,22.2,37790,"No formal educational credential","Moderate-term on-the-job training"
"327","Food batchmakers",171.5,185,36580,"High school diploma or equivalent","Moderate-term on-the-job training"
"328","Food cooking machine operators and tenders",27.3,27.7,36700,"High school diploma or equivalent","Moderate-term on-the-job training"
"329","Food preparation and serving related workers, all other",85.4,89.1,30840,"No formal educational credential","Short-term on-the-job training"
"330","Food preparation workers",931.8,887,29790,"No formal educational credential","Short-term on-the-job training"
"331","Food processing workers, all other",48.8,50.7,34710,"No formal educational credential","Moderate-term on-the-job training"
"332","Food science technicians",21.2,22.3,47860,"Associate's degree","Moderate-term on-the-job training"
"333","Food scientists and technologists",15.3,16.5,79860,"Bachelor's degree","None"
"334","Food servers, nonrestaurant",258.6,266.6,30300,"No formal educational credential","Short-term on-the-job training"
"335","Food service managers",357.5,359.2,61310,"High school diploma or equivalent","Short-term on-the-job training"
"336","Foreign language and literature teachers, postsecondary",24.7,25,76030,"Doctoral or professional degree","None"
"337","Forensic science technicians",18.5,20.8,63740,"Bachelor's degree","Moderate-term on-the-job training"
"338","Forest and conservation technicians",31.5,31.7,41520,"Associate's degree","None"
"339","Forest and conservation workers",11.3,10.3,32270,"High school diploma or equivalent","Moderate-term on-the-job training"
"340","Forest fire inspectors and prevention specialists",2.4,2.8,48110,"High school diploma or equivalent","Moderate-term on-the-job training"
"341","Foresters",11.3,11.6,64220,"Bachelor's degree","None"
"342","Forestry and conservation science teachers, postsecondary",1.5,1.6,96500,"Doctoral or professional degree","None"
"343","Forging machine setters, operators, and tenders, metal and plastic",10.9,9.3,46540,"High school diploma or equivalent","Moderate-term on-the-job training"
"344","Foundry mold and coremakers",11.5,8.8,40120,"High school diploma or equivalent","Moderate-term on-the-job training"
"345","Fundraisers",124,130.5,61190,"Bachelor's degree","None"
"346","Fundraising managers",33.7,35.4,107390,"Bachelor's degree","None"
"347","Funeral attendants",33.2,34.2,31160,"High school diploma or equivalent","Short-term on-the-job training"
"348","Funeral home managers",36.4,37.2,72110,"Associate's degree","None"
"349","Furnace, kiln, oven, drier, and kettle operators and tenders",16.2,16.2,44530,"High school diploma or equivalent","Moderate-term on-the-job training"
"350","Furniture finishers",19.2,19.1,37960,"High school diploma or equivalent","Short-term on-the-job training"
"351","Gambling and sports book writers and runners",8.4,8.1,28940,"High school diploma or equivalent","Short-term on-the-job training"
"352","Gambling cage workers",12.2,11.5,31720,"High school diploma or equivalent","Short-term on-the-job training"
"353","Gambling change persons and booth cashiers",19.4,18.3,30010,"No formal educational credential","Short-term on-the-job training"
"354","Gambling dealers",75.6,76.4,29120,"High school diploma or equivalent","Short-term on-the-job training"
"355","Gambling managers",5.3,5.4,80710,"High school diploma or equivalent","None"
"356","Gambling service workers, all other",13.1,13.2,30350,"High school diploma or equivalent","Short-term on-the-job training"
"357","Gambling surveillance officers and gambling investigators",10.8,10.9,35970,"High school diploma or equivalent","Moderate-term on-the-job training"
"358","Gas compressor and gas pumping station operators",3.9,3.8,59990,"High school diploma or equivalent","Moderate-term on-the-job training"
"359","Gas plant operators",14.8,13,79460,"High school diploma or equivalent","Long-term on-the-job training"
"360","General and operations managers",3507.8,3655.1,98100,"Bachelor's degree","None"
"361","General internal medicine physicians",72.6,74.4,214460,"Doctoral or professional degree","Internship/residency"
"362","Genetic counselors",3.5,4,89990,"Master's degree","None"
"363","Geographers",1.5,1.5,88900,"Bachelor's degree","None"
"364","Geography teachers, postsecondary",4.1,4.3,81920,"Doctoral or professional degree","None"
"365","Geological technicians, except hydrologic technicians",9.4,9.6,48490,"Associate's degree","Moderate-term on-the-job training"
"366","Geoscientists, except hydrologists and geographers",26.3,27.6,87480,"Bachelor's degree","None"
"367","Glaziers",54.5,55.7,48720,"High school diploma or equivalent","Apprenticeship"
"368","Graders and sorters, agricultural products",30.1,28.5,32550,"No formal educational credential","Short-term on-the-job training"
"369","Graphic designers",270.9,279.8,57990,"Bachelor's degree","None"
"370","Grinding and polishing workers, hand",14.5,11.7,36960,"No formal educational credential","Moderate-term on-the-job training"
"371","Grinding, lapping, polishing, and buffing machine tool setters, operators, and tenders, metal and plastic",75,67.9,38910,"High school diploma or equivalent","Moderate-term on-the-job training"
"372","Grounds maintenance workers, all other",16.3,16.6,39520,"No formal educational credential","Short-term on-the-job training"
"373","Hairdressers, hairstylists, and cosmetologists",555.8,598.6,33290,"Postsecondary nondegree award","None"
"374","Hazardous materials removal workers",48.7,49.1,46690,"High school diploma or equivalent","Moderate-term on-the-job training"
"375","Health and safety engineers, except mining safety engineers and inspectors",22,22.8,100660,"Bachelor's degree","None"
"376","Health education specialists",60.4,64.8,59990,"Bachelor's degree","None"
"377","Health information technologists and medical registrars",37.9,44.1,58250,"Associate's degree","None"
"378","Health specialties teachers, postsecondary",262.8,313,100300,"Doctoral or professional degree","None"
"379","Health technologists and technicians, all other",168,179.1,44990,"Postsecondary nondegree award","None"
"380","Healthcare diagnosing or treating practitioners, all other",35.2,35.9,106230,"Master's degree","None"
"381","Healthcare practitioners and technical workers, all other",44.4,46.7,60160,"Postsecondary nondegree award","None"
"382","Healthcare social workers",191.4,209.8,60280,"Master's degree","Internship/residency"
"383","Healthcare support workers, all other",112.7,119.1,40420,"High school diploma or equivalent","None"
"384","Hearing aid specialists",10.2,11.7,59020,"High school diploma or equivalent","Moderate-term on-the-job training"
"385","Heat treating equipment setters, operators, and tenders, metal and plastic",16,14.6,40900,"High school diploma or equivalent","Moderate-term on-the-job training"
"386","Heating, air conditioning, and refrigeration mechanics and installers",415.8,438.8,51390,"Postsecondary nondegree award","Long-term on-the-job training"
"387","Heavy and tractor-trailer truck drivers",2192.3,2281.5,49920,"Postsecondary nondegree award","Short-term on-the-job training"
"388","Helpers, construction trades, all other",28.3,28.8,37820,"No formal educational credential","Short-term on-the-job training"
"389","Helpers--brickmasons, blockmasons, stonemasons, and tile and marble setters",17.9,15.9,39430,"No formal educational credential","Short-term on-the-job training"
"390","Helpers--carpenters",25.1,23.7,37490,"No formal educational credential","Short-term on-the-job training"
"391","Helpers--electricians",72.5,70,37070,"High school diploma or equivalent","Short-term on-the-job training"
"392","Helpers--extraction workers",7.2,7.2,43110,"High school diploma or equivalent","Moderate-term on-the-job training"
"393","Helpers--installation, maintenance, and repair workers",96.5,98.9,35100,"High school diploma or equivalent","Short-term on-the-job training"
"394","Helpers--painters, paperhangers, plasterers, and stucco masons",8.7,8.9,36080,"No formal educational credential","Short-term on-the-job training"
"395","Helpers--pipelayers, plumbers, pipefitters, and steamfitters",47.8,48.9,36340,"High school diploma or equivalent","Short-term on-the-job training"
"396","Helpers--production workers",193,175.1,34670,"High school diploma or equivalent","Short-term on-the-job training"
"397","Helpers--roofers",5.9,6,37020,"No formal educational credential","Short-term on-the-job training"
"398","Highway maintenance workers",151.2,163.2,44930,"High school diploma or equivalent","Moderate-term on-the-job training"
"399","Historians",3.5,3.6,64540,"Master's degree","None"
"400","History teachers, postsecondary",22.8,23.1,79400,"Doctoral or professional degree","None"
"401","Hoist and winch operators",2.8,2.7,58950,"No formal educational credential","Short-term on-the-job training"
"402","Home appliance repairers",36.6,35.1,46000,"High school diploma or equivalent","Moderate-term on-the-job training"
"403","Home health and personal care aides",3715.5,4520.1,30180,"High school diploma or equivalent","Short-term on-the-job training"
"404","Hosts and hostesses, restaurant, lounge, and coffee shop",412.8,414.9,27720,"No formal educational credential","Short-term on-the-job training"
"405","Hotel, motel, and resort desk clerks",257.7,251.1,28910,"High school diploma or equivalent","Short-term on-the-job training"
"406","Human resources assistants, except payroll and timekeeping",107.6,102.4,45930,"Associate's degree","None"
"407","Human resources managers",191.6,201.6,130000,"Bachelor's degree","None"
"408","Human resources specialists",874.5,925.9,64240,"Bachelor's degree","None"
"409","Hydrologic technicians",3.1,3.1,58360,"Associate's degree","Moderate-term on-the-job training"
"410","Hydrologists",6.6,6.7,85990,"Bachelor's degree","None"
"411","Industrial engineering technologists and technicians",69.1,71.3,61210,"Associate's degree","None"
"412","Industrial engineers",327.3,365.7,96350,"Bachelor's degree","None"
"413","Industrial machinery mechanics",402.2,462.1,59830,"High school diploma or equivalent","Long-term on-the-job training"
"414","Industrial production managers",222.1,225.7,107560,"Bachelor's degree","None"
"415","Industrial truck and tractor operators",796.6,826.5,41230,"No formal educational credential","Short-term on-the-job training"
"416","Industrial-organizational psychologists",10.1,10.6,139280,"Master's degree","Internship/residency"
"417","Information and record clerks, all other",161.1,165.4,44720,"High school diploma or equivalent","Short-term on-the-job training"
"418","Information security analysts",168.9,222.2,112000,"Bachelor's degree","None"
"419","Inspectors, testers, sorters, samplers, and weighers",595.4,572.4,43900,"High school diploma or equivalent","Moderate-term on-the-job training"
"420","Installation, maintenance, and repair workers, all other",195.4,198.3,44500,"High school diploma or equivalent","Moderate-term on-the-job training"
"421","Instructional coordinators",216.6,222,66490,"Master's degree","None"
"422","Insulation workers, floor, ceiling, and wall",34.4,35,45380,"No formal educational credential","Short-term on-the-job training"
"423","Insulation workers, mechanical",27.2,27.6,50590,"High school diploma or equivalent","Apprenticeship"
"424","Insurance appraisers, auto damage",13.6,13.3,69380,"Postsecondary nondegree award","Moderate-term on-the-job training"
"425","Insurance claims and policy processing clerks",259,250.8,46080,"High school diploma or equivalent","Moderate-term on-the-job training"
"426","Insurance sales agents",536.8,579.3,57860,"High school diploma or equivalent","Moderate-term on-the-job training"
"427","Insurance underwriters",125.5,122.4,76230,"Bachelor's degree","Moderate-term on-the-job training"
"428","Interior designers",94.9,98.7,61590,"Bachelor's degree","None"
"429","Interpreters and translators",68.7,71.7,53640,"Bachelor's degree","None"
"430","Interviewers, except eligibility and loan",175.4,157.6,38700,"High school diploma or equivalent","Short-term on-the-job training"
"431","Janitors and cleaners, except maids and housekeeping cleaners",2382.9,2412.8,31990,"No formal educational credential","Short-term on-the-job training"
"432","Jewelers and precious stone and metal workers",47.2,45.8,47140,"High school diploma or equivalent","Long-term on-the-job training"
"433","Judges, magistrate judges, and magistrates",29.6,30.2,151030,"Doctoral or professional degree","Short-term on-the-job training"
"434","Judicial law clerks",16.3,16.6,57490,"Doctoral or professional degree","None"
"435","Kindergarten teachers, except special education",123.4,124.1,60490,"Bachelor's degree","None"
"436","Labor relations specialists",64.6,64,82010,"Bachelor's degree","None"
"437","Laborers and freight, stock, and material movers, hand",2988.5,3147.3,36110,"No formal educational credential","Short-term on-the-job training"
"438","Landscape architects",23.6,23.8,73210,"Bachelor's degree","Internship/residency"
"439","Landscaping and groundskeeping workers",1176.1,1217.9,35890,"No formal educational credential","Short-term on-the-job training"
"440","Lathe and turning machine tool setters, operators, and tenders, metal and plastic",19.7,17.8,47020,"High school diploma or equivalent","Moderate-term on-the-job training"
"441","Laundry and dry-cleaning workers",184.4,182,29060,"No formal educational credential","Short-term on-the-job training"
"442","Law teachers, postsecondary",19.8,20.4,108860,"Doctoral or professional degree","None"
"443","Lawyers",826.3,888.7,135740,"Doctoral or professional degree","None"
"444","Layout workers, metal and plastic",7.1,6.4,58260,"High school diploma or equivalent","Moderate-term on-the-job training"
"445","Legal secretaries and administrative assistants",161.4,126.2,48780,"High school diploma or equivalent","Moderate-term on-the-job training"
"446","Legal support workers, all other",51.4,51.5,62340,"Associate's degree","None"
"447","Legislators",44.4,46,48090,"Bachelor's degree","None"
"448","Librarians and media collections specialists",141.2,145.5,61660,"Master's degree","None"
"449","Library assistants, clerical",82.9,78.2,31150,"High school diploma or equivalent","Short-term on-the-job training"
"450","Library science teachers, postsecondary",5.4,5.6,76370,"Doctoral or professional degree","None"
"451","Library technicians",78.6,73.8,37600,"Postsecondary nondegree award","None"
"452","Licensed practical and licensed vocational nurses",655,689.9,54620,"Postsecondary nondegree award","None"
"453","Life scientists, all other",9,9.4,83930,"Bachelor's degree","None"
"454","Life, physical, and social science technicians, all other",80,83.1,50290,"Associate's degree","None"
"455","Lifeguards, ski patrol, and other recreational protective service workers",113.5,120.5,27270,"No formal educational credential","Short-term on-the-job training"
"456","Light truck drivers",1164.6,1298.4,40410,"High school diploma or equivalent","Short-term on-the-job training"
"457","Lighting technicians",10.5,10.2,61650,"Postsecondary nondegree award","Short-term on-the-job training"
"458","Loading and moving machine operators, underground mining",5.4,4.4,63920,"No formal educational credential","Short-term on-the-job training"
"459","Loan interviewers and clerks",247.1,244.6,46490,"High school diploma or equivalent","Short-term on-the-job training"
"460","Loan officers",354.8,365.3,65740,"Bachelor's degree","Moderate-term on-the-job training"
"461","Locker room, coatroom, and dressing room attendants",12.9,13.8,30210,"High school diploma or equivalent","Short-term on-the-job training"
"462","Locksmiths and safe repairers",18.2,16.1,47400,"High school diploma or equivalent","Long-term on-the-job training"
"463","Locomotive engineers",29.7,29.9,74570,"High school diploma or equivalent","Moderate-term on-the-job training"
"464","Lodging managers",50.8,54.2,61910,"High school diploma or equivalent","None"
"465","Log graders and scalers",5.6,5.5,42370,"High school diploma or equivalent","Moderate-term on-the-job training"
"466","Logging equipment operators",35.3,34,46400,"High school diploma or equivalent","Moderate-term on-the-job training"
"467","Logging workers, all other",4.9,4.6,47110,"High school diploma or equivalent","Moderate-term on-the-job training"
"468","Logisticians",208.7,246.9,77520,"Bachelor's degree","None"
"469","Machine feeders and offbearers",51.5,54.3,38040,"No formal educational credential","Short-term on-the-job training"
"470","Machinists",327,333.3,48510,"High school diploma or equivalent","Long-term on-the-job training"
"471","Magnetic resonance imaging technologists",41.4,44.6,80090,"Associate's degree","None"
"472","Maids and housekeeping cleaners",1238.8,1240.4,29960,"No formal educational credential","Short-term on-the-job training"
"473","Mail clerks and mail machine operators, except postal service",72.8,69.4,35070,"High school diploma or equivalent","Short-term on-the-job training"
"474","Maintenance and repair workers, general",1607.2,1664.4,44980,"High school diploma or equivalent","Moderate-term on-the-job training"
"475","Maintenance workers, machinery",63.6,67.1,53310,"High school diploma or equivalent","Long-term on-the-job training"
"476","Makeup artists, theatrical and performance",4.6,4.9,96370,"Postsecondary nondegree award","None"
"477","Management analysts",987.6,1083.3,95290,"Bachelor's degree","None"
"478","Managers, all other",1228.3,1269.4,128620,"Bachelor's degree","None"
"479","Manicurists and pedicurists",196.9,214,31130,"Postsecondary nondegree award","None"
"480","Manufactured building and mobile home installers",4.1,3.2,36820,"High school diploma or equivalent","Short-term on-the-job training"
"481","Marine engineers and naval architects",8,8.1,96910,"Bachelor's degree","None"
"482","Market research analysts and marketing specialists",868.6,985.2,68230,"Bachelor's degree","None"
"483","Marketing managers",358.2,381.9,140040,"Bachelor's degree","None"
"484","Marriage and family therapists",71.2,81.8,56570,"Master's degree","Internship/residency"
"485","Massage therapists",134.3,158.9,49860,"Postsecondary nondegree award","None"
"486","Material moving workers, all other",26.1,27,38800,"No formal educational credential","Short-term on-the-job training"
"487","Materials engineers",22.3,23.5,100140,"Bachelor's degree","None"
"488","Materials scientists",7.9,8.3,104380,"Bachelor's degree","None"
"489","Mathematical science occupations, all other",4.1,4.4,71700,"Bachelor's degree","None"
"490","Mathematical science teachers, postsecondary",55.9,57.7,77420,"Doctoral or professional degree","None"
"491","Mathematicians",2.3,2.3,112110,"Master's degree","None"
"492","Meat, poultry, and fish cutters and trimmers",141,143.8,35070,"No formal educational credential","Short-term on-the-job training"
"493","Mechanical door repairers",28,30.6,47010,"High school diploma or equivalent","Moderate-term on-the-job training"
"494","Mechanical drafters",49.6,46,61310,"Associate's degree","None"
"495","Mechanical engineering technologists and technicians",41.1,41.4,61990,"Associate's degree","None"
"496","Mechanical engineers",286.1,314.7,96310,"Bachelor's degree","None"
"497","Media and communication equipment workers, all other",17.3,17.9,69490,"High school diploma or equivalent","Short-term on-the-job training"
"498","Media and communication workers, all other",25.8,26.9,65000,"High school diploma or equivalent","Short-term on-the-job training"
"499","Medical and health services managers",509.5,654.2,104830,"Bachelor's degree","None"
"500","Medical appliance technicians",16.6,17.1,42160,"High school diploma or equivalent","Moderate-term on-the-job training"
"501","Medical assistants",764.4,870.2,38270,"Postsecondary nondegree award","None"
"502","Medical dosimetrists",3.5,3.6,128970,"Bachelor's degree","None"
"503","Medical equipment preparers",66.7,70.3,41480,"High school diploma or equivalent","Moderate-term on-the-job training"
"504","Medical equipment repairers",66.4,75.1,57860,"Associate's degree","Moderate-term on-the-job training"
"505","Medical records specialists",194.3,210.9,47180,"Postsecondary nondegree award","None"
"506","Medical scientists, except epidemiologists",119,130.7,99930,"Doctoral or professional degree","None"
"507","Medical secretaries and administrative assistants",696.6,743.2,38500,"High school diploma or equivalent","Moderate-term on-the-job training"
"508","Medical transcriptionists",49,47.2,34730,"Postsecondary nondegree award","None"
"509","Meeting, convention, and event planners",132,141.9,52560,"Bachelor's degree","None"
"510","Mental health and substance abuse social workers",113.5,125.5,51240,"Master's degree","Internship/residency"
"511","Merchandise displayers and window trimmers",173.4,177.5,35380,"High school diploma or equivalent","Short-term on-the-job training"
"512","Metal workers and plastic workers, all other",21.4,19.8,38340,"High school diploma or equivalent","Moderate-term on-the-job training"
"513","Metal-refining furnace operators and tenders",19.7,18.1,50280,"High school diploma or equivalent","Moderate-term on-the-job training"
"514","Meter readers, utilities",21.1,18.5,44760,"High school diploma or equivalent","Short-term on-the-job training"
"515","Microbiologists",20.9,22,81990,"Bachelor's degree","None"
"516","Middle school teachers, except special and career/technical education",625.5,630.6,61810,"Bachelor's degree","None"
"517","Milling and planing machine setters, operators, and tenders, metal and plastic",15.7,13.5,46870,"High school diploma or equivalent","Moderate-term on-the-job training"
"518","Millwrights",42.1,43.4,60930,"High school diploma or equivalent","Apprenticeship"
"519","Mining and geological engineers, including mining safety engineers",7.5,7.6,97490,"Bachelor's degree","None"
"520","Miscellaneous assemblers and fabricators",1500.4,1388.6,37280,"High school diploma or equivalent","Moderate-term on-the-job training"
"521","Miscellaneous construction and related workers",32.3,33,44890,"High school diploma or equivalent","Moderate-term on-the-job training"
"522","Mixing and blending machine setters, operators, and tenders",114,115.8,43410,"High school diploma or equivalent","Moderate-term on-the-job training"
"523","Mobile heavy equipment mechanics, except engines",169.1,177.6,59440,"High school diploma or equivalent","Long-term on-the-job training"
"524","Model makers, metal and plastic",3.4,2.8,57620,"High school diploma or equivalent","Moderate-term on-the-job training"
"525","Model makers, wood",1.1,1,46940,"High school diploma or equivalent","Moderate-term on-the-job training"
"526","Models",2.2,2.2,43130,"No formal educational credential","None"
"527","Molders, shapers, and casters, except metal and plastic",44.7,45.8,39590,"High school diploma or equivalent","Long-term on-the-job training"
"528","Molding, coremaking, and casting machine setters, operators, and tenders, metal and plastic",167.9,161.7,37050,"High school diploma or equivalent","Moderate-term on-the-job training"
"529","Morticians, undertakers, and funeral arrangers",24.5,25.4,51570,"Associate's degree","Long-term on-the-job training"
"530","Motion picture projectionists",2.1,1.9,33360,"No formal educational credential","Short-term on-the-job training"
"531","Motor vehicle operators, all other",68.3,73.7,33210,"No formal educational credential","Short-term on-the-job training"
"532","Motorboat mechanics and service technicians",29.3,31,48280,"High school diploma or equivalent","Long-term on-the-job training"
"533","Motorboat operators",3.6,3.7,41430,"Postsecondary nondegree award","None"
"534","Motorcycle mechanics",17.1,17.4,43370,"Postsecondary nondegree award","Short-term on-the-job training"
"535","Multiple machine tool setters, operators, and tenders, metal and plastic",139.9,140.7,39210,"High school diploma or equivalent","Moderate-term on-the-job training"
"536","Museum technicians and conservators",14.4,15.9,47270,"Bachelor's degree","None"
"537","Music directors and composers",51.8,52.4,62940,"Bachelor's degree","None"
"538","Musical instrument repairers and tuners",7,6.3,38150,"High school diploma or equivalent","Apprenticeship"
"539","Musicians and singers",173.5,175.6,NA,"No formal educational credential","Long-term on-the-job training"
"540","Natural sciences managers",86.3,90.5,144440,"Bachelor's degree","None"
"541","Network and computer systems administrators",339.9,348.2,90520,"Bachelor's degree","None"
"542","Neurologists",12.2,12.5,224260,"Doctoral or professional degree","Internship/residency"
"543","New accounts clerks",46.6,39.8,40820,"High school diploma or equivalent","Moderate-term on-the-job training"
"544","News analysts, reporters, and journalists",58.5,56.6,55960,"Bachelor's degree","None"
"545","Nuclear engineers",13.8,13.9,122480,"Bachelor's degree","None"
"546","Nuclear medicine technologists",18.1,18.2,85300,"Associate's degree","None"
"547","Nuclear power reactor operators",5.5,5.3,115870,"High school diploma or equivalent","Long-term on-the-job training"
"548","Nuclear technicians",5.9,5.8,100420,"Associate's degree","Moderate-term on-the-job training"
"549","Nurse anesthetists",49.4,53.8,203090,"Master's degree","None"
"550","Nurse midwives",8.2,8.7,120880,"Master's degree","None"
"551","Nurse practitioners",266.3,384.9,121610,"Master's degree","None"
"552","Nursing assistants",1361.3,1417.8,35760,"Postsecondary nondegree award","None"
"553","Nursing instructors and teachers, postsecondary",85.9,101.5,78580,"Doctoral or professional degree","None"
"554","Obstetricians and gynecologists",22.9,23.4,239200,"Doctoral or professional degree","Internship/residency"
"555","Occupational health and safety specialists",113.8,128.9,78570,"Bachelor's degree","None"
"556","Occupational health and safety technicians",24.7,27.2,57970,"High school diploma or equivalent","Moderate-term on-the-job training"
"557","Occupational therapists",139.6,155.6,93180,"Master's degree","None"
"558","Occupational therapy aides",3.8,4,37060,"High school diploma or equivalent","Short-term on-the-job training"
"559","Occupational therapy assistants",45.1,56,64250,"Associate's degree","None"
"560","Office and administrative support workers, all other",215.1,197.3,38660,"High school diploma or equivalent","Short-term on-the-job training"
"561","Office clerks, general",2668.2,2492.8,38040,"High school diploma or equivalent","Short-term on-the-job training"
"562","Office machine operators, except computer",31.6,27.1,36710,"High school diploma or equivalent","Short-term on-the-job training"
"563","Operating engineers and other construction equipment operators",437.6,449.2,51430,"High school diploma or equivalent","Moderate-term on-the-job training"
"564","Operations research analysts",109.9,134.7,85720,"Bachelor's degree","None"
"565","Ophthalmic laboratory technicians",21.3,21.6,36810,"High school diploma or equivalent","Moderate-term on-the-job training"
"566","Ophthalmic medical technicians",66.5,74.9,38860,"Postsecondary nondegree award","None"
"567","Ophthalmologists, except pediatric",12.8,13.3,219810,"Doctoral or professional degree","Internship/residency"
"568","Opticians, dispensing",73.3,75.2,39610,"High school diploma or equivalent","Long-term on-the-job training"
"569","Optometrists",43.4,47.3,125590,"Doctoral or professional degree","None"
"570","Oral and maxillofacial surgeons",4.9,5.1,239200,"Doctoral or professional degree","Internship/residency"
"571","Order clerks",132.8,108.6,38060,"Some college, no degree","Short-term on-the-job training"
"572","Orderlies",45.5,47.4,34520,"High school diploma or equivalent","Short-term on-the-job training"
"573","Orthodontists",7.2,7.5,174360,"Doctoral or professional degree","Internship/residency"
"574","Orthopedic surgeons, except pediatric",19.4,19.7,239200,"Doctoral or professional degree","Internship/residency"
"575","Orthotists and prosthetists",9.5,10.9,77070,"Master's degree","Internship/residency"
"576","Outdoor power equipment and other small engine mechanics",41.6,42.1,40030,"High school diploma or equivalent","Moderate-term on-the-job training"
"577","Packaging and filling machine operators and tenders",373.2,390.5,36750,"High school diploma or equivalent","Moderate-term on-the-job training"
"578","Packers and packagers, hand",659.6,652.9,32920,"No formal educational credential","Short-term on-the-job training"
"579","Painters, construction and maintenance",372.4,377.9,46090,"No formal educational credential","Moderate-term on-the-job training"
"580","Painting, coating, and decorating workers",13.5,13.5,38270,"No formal educational credential","Moderate-term on-the-job training"
"581","Paper goods machine setters, operators, and tenders",92.7,82.5,45710,"High school diploma or equivalent","Moderate-term on-the-job training"
"582","Paperhangers",3.9,4,44930,"No formal educational credential","Long-term on-the-job training"
"583","Paralegals and legal assistants",354.3,369.1,59200,"Associate's degree","None"
"584","Paramedics",98.3,103.6,49090,"Postsecondary nondegree award","None"
"585","Parking attendants",108.4,110,30570,"No formal educational credential","Short-term on-the-job training"
"586","Parking enforcement workers",9,8.9,41570,"High school diploma or equivalent","Short-term on-the-job training"
"587","Parts salespersons",266.1,268.7,35800,"No formal educational credential","Moderate-term on-the-job training"
"588","Passenger attendants",13.5,14,34630,"High school diploma or equivalent","Short-term on-the-job training"
"589","Patternmakers, metal and plastic",2.3,1.8,54970,"High school diploma or equivalent","Moderate-term on-the-job training"
"590","Patternmakers, wood",0.5,0.5,44290,"High school diploma or equivalent","Moderate-term on-the-job training"
"591","Paving, surfacing, and tamping equipment operators",42.3,43.9,47270,"High school diploma or equivalent","Moderate-term on-the-job training"
"592","Payroll and timekeeping clerks",165.4,138.3,49630,"High school diploma or equivalent","Moderate-term on-the-job training"
"593","Pediatric surgeons",0.8,0.8,239200,"Doctoral or professional degree","Internship/residency"
"594","Pediatricians, general",35.9,36.2,190350,"Doctoral or professional degree","Internship/residency"
"595","Personal care and service workers, all other",87,104.9,34670,"High school diploma or equivalent","Short-term on-the-job training"
"596","Personal financial advisors",327.6,369.6,95390,"Bachelor's degree","Long-term on-the-job training"
"597","Personal service managers, all other",23.1,24.1,56090,"High school diploma or equivalent","None"
"598","Pest control workers",95,98,38310,"High school diploma or equivalent","Moderate-term on-the-job training"
"599","Pesticide handlers, sprayers, and applicators, vegetation",23.2,23.7,41440,"High school diploma or equivalent","Moderate-term on-the-job training"
"600","Petroleum engineers",21.4,21.9,131800,"Bachelor's degree","None"
"601","Petroleum pump system operators, refinery operators, and gaugers",32.2,31.5,85090,"High school diploma or equivalent","Moderate-term on-the-job training"
"602","Pharmacists",334.2,342.9,132750,"Doctoral or professional degree","None"
"603","Pharmacy aides",43.7,42.4,33270,"High school diploma or equivalent","Short-term on-the-job training"
"604","Pharmacy technicians",459.6,485.5,37790,"High school diploma or equivalent","Moderate-term on-the-job training"
"605","Philosophy and religion teachers, postsecondary",29.1,29.9,78780,"Doctoral or professional degree","None"
"606","Phlebotomists",139.4,150.2,38530,"Postsecondary nondegree award","None"
"607","Photographers",148.9,155,40170,"High school diploma or equivalent","Moderate-term on-the-job training"
"608","Photographic process workers and processing machine operators",6.4,5.6,36280,"High school diploma or equivalent","Short-term on-the-job training"
"609","Physical scientists, all other",25.4,25.9,107970,"Bachelor's degree","None"
"610","Physical therapist aides",44.5,45.8,31410,"High school diploma or equivalent","Short-term on-the-job training"
"611","Physical therapist assistants",100.7,126.9,62770,"Associate's degree","None"
"612","Physical therapists",246.8,284.1,97720,"Doctoral or professional degree","None"
"613","Physician assistants",148,187.3,126010,"Master's degree","None"
"614","Physicians, all other",330.9,341,223410,"Doctoral or professional degree","Internship/residency"
"615","Physicians, pathologists",13.2,13.9,239200,"Doctoral or professional degree","Internship/residency"
"616","Physicists",21.1,22.1,142850,"Doctoral or professional degree","None"
"617","Physics teachers, postsecondary",16.2,16.8,86550,"Doctoral or professional degree","None"
"618","Pile driver operators",3.3,3.4,64310,"High school diploma or equivalent","Moderate-term on-the-job training"
"619","Pipelayers",38,36.3,45990,"No formal educational credential","Short-term on-the-job training"
"620","Plant and system operators, all other",15.9,15.9,57470,"High school diploma or equivalent","Moderate-term on-the-job training"
"621","Plasterers and stucco masons",27.3,27.9,49730,"No formal educational credential","Long-term on-the-job training"
"622","Plating machine setters, operators, and tenders, metal and plastic",32.9,29.8,37900,"High school diploma or equivalent","Moderate-term on-the-job training"
"623","Plumbers, pipefitters, and steamfitters",482.7,493.6,60090,"High school diploma or equivalent","Apprenticeship"
"624","Podiatrists",10.6,10.7,148720,"Doctoral or professional degree","Internship/residency"
"625","Police and sheriff's patrol officers",684,706.5,65790,"High school diploma or equivalent","Moderate-term on-the-job training"
"626","Political science teachers, postsecondary",19.3,20,83770,"Doctoral or professional degree","None"
"627","Political scientists",6.2,6.6,128020,"Master's degree","None"
"628","Postal service clerks",74.8,69.8,56200,"No formal educational credential","Short-term on-the-job training"
"629","Postal service mail carriers",314.5,293.5,54250,"No formal educational credential","Short-term on-the-job training"
"630","Postal service mail sorters, processors, and processing machine operators",115,102.1,49130,"No formal educational credential","Short-term on-the-job training"
"631","Postmasters and mail superintendents",13,12.1,82760,"High school diploma or equivalent","Moderate-term on-the-job training"
"632","Postsecondary teachers, all other",262.8,272.3,76920,"Doctoral or professional degree","None"
"633","Pourers and casters, metal",6.2,5.6,45070,"High school diploma or equivalent","Moderate-term on-the-job training"
"634","Power distributors and dispatchers",9.6,9.1,101650,"High school diploma or equivalent","Long-term on-the-job training"
"635","Power plant operators",32.2,28.2,93060,"High school diploma or equivalent","Long-term on-the-job training"
"636","Precision instrument and equipment repairers, all other",12.1,12.1,61690,"High school diploma or equivalent","Long-term on-the-job training"
"637","Prepress technicians and workers",25.7,21.3,43560,"Postsecondary nondegree award","None"
"638","Preschool teachers, except special education",512.3,529.6,35330,"Associate's degree","None"
"639","Pressers, textile, garment, and related materials",29.8,23.3,29690,"No formal educational credential","Short-term on-the-job training"
"640","Print binding and finishing workers",41.4,34.6,36970,"High school diploma or equivalent","Moderate-term on-the-job training"
"641","Printing press operators",155.5,142.3,39350,"High school diploma or equivalent","Moderate-term on-the-job training"
"642","Private detectives and investigators",38.3,40.6,52120,"High school diploma or equivalent","Moderate-term on-the-job training"
"643","Probation officers and correctional treatment specialists",93.9,96.2,59860,"Bachelor's degree","Moderate-term on-the-job training"
"644","Procurement clerks",65.3,60.4,45240,"High school diploma or equivalent","Moderate-term on-the-job training"
"645","Producers and directors",175.3,187,85320,"Bachelor's degree","None"
"646","Production workers, all other",275.3,279.2,35490,"High school diploma or equivalent","Moderate-term on-the-job training"
"647","Production, planning, and expediting clerks",396.8,413.3,50630,"High school diploma or equivalent","Moderate-term on-the-job training"
"648","Project management specialists",881.3,936,95370,"Bachelor's degree","None"
"649","Proofreaders and copy markers",7.2,6.9,45410,"Bachelor's degree","None"
"650","Property appraisers and assessors",77.6,81.1,61560,"Bachelor's degree","Long-term on-the-job training"
"651","Property, real estate, and community association managers",429.6,453,60670,"High school diploma or equivalent","Short-term on-the-job training"
"652","Prosthodontists",0.4,0.5,NA,"Doctoral or professional degree","Internship/residency"
"653","Protective service workers, all other",95,97.9,36460,"High school diploma or equivalent","Short-term on-the-job training"
"654","Psychiatric aides",32.4,34,37160,"High school diploma or equivalent","Short-term on-the-job training"
"655","Psychiatric technicians",107.1,117.5,37380,"Postsecondary nondegree award","Short-term on-the-job training"
"656","Psychiatrists",28.6,30.5,226880,"Doctoral or professional degree","Internship/residency"
"657","Psychologists, all other",56.3,59.1,106420,"Master's degree","Internship/residency"
"658","Psychology teachers, postsecondary",50.9,53.6,78810,"Doctoral or professional degree","None"
"659","Public relations managers",72,76.3,129430,"Bachelor's degree","None"
"660","Public relations specialists",297.1,315.1,67440,"Bachelor's degree","None"
"661","Public safety telecommunicators",99.5,102.9,46900,"High school diploma or equivalent","Moderate-term on-the-job training"
"662","Pump operators, except wellhead pumpers",11.2,11.6,55860,"High school diploma or equivalent","Moderate-term on-the-job training"
"663","Purchasing managers",77.5,80.9,131350,"Bachelor's degree","None"
"664","Radiation therapists",15.9,16.3,89530,"Associate's degree","None"
"665","Radio, cellular, and tower equipment installers and repairers",13.5,13.9,59720,"Associate's degree","Moderate-term on-the-job training"
"666","Radiologic technologists and technicians",222.8,235,65140,"Associate's degree","None"
"667","Radiologists",31.2,32.4,239200,"Doctoral or professional degree","Internship/residency"
"668","Rail car repairers",20.1,20.8,62510,"High school diploma or equivalent","Long-term on-the-job training"
"669","Rail transportation workers, all other",2.4,2.4,42280,"High school diploma or equivalent","Moderate-term on-the-job training"
"670","Rail yard engineers, dinkey operators, and hostlers",2.6,2.6,56340,"High school diploma or equivalent","Moderate-term on-the-job training"
"671","Rail-track laying and maintenance equipment operators",16.5,16.7,63230,"High school diploma or equivalent","Moderate-term on-the-job training"
"672","Railroad brake, signal, and switch operators and locomotive firers",12.2,12.3,67540,"High school diploma or equivalent","Moderate-term on-the-job training"
"673","Railroad conductors and yardmasters",34.2,34.6,68180,"High school diploma or equivalent","Moderate-term on-the-job training"
"674","Real estate brokers",127.2,131.6,62190,"High school diploma or equivalent","None"
"675","Real estate sales agents",462.6,477.6,49980,"High school diploma or equivalent","Moderate-term on-the-job training"
"676","Receptionists and information clerks",1068.8,1072.7,33960,"High school diploma or equivalent","Short-term on-the-job training"
"677","Recreation and fitness studies teachers, postsecondary",16.3,16.8,72650,"Doctoral or professional degree","None"
"678","Recreation workers",289.4,302.7,31680,"High school diploma or equivalent","Short-term on-the-job training"
"679","Recreational therapists",16.8,17.4,51330,"Bachelor's degree","None"
"680","Recreational vehicle service technicians",17.7,19.4,45030,"High school diploma or equivalent","Long-term on-the-job training"
"681","Refractory materials repairers, except brickmasons",0.6,0.5,50550,"High school diploma or equivalent","Moderate-term on-the-job training"
"682","Refuse and recyclable material collectors",146.4,151.1,43540,"No formal educational credential","Short-term on-the-job training"
"683","Registered nurses",3172.5,3349.9,81220,"Bachelor's degree","None"
"684","Rehabilitation counselors",84.8,86.4,39990,"Master's degree","None"
"685","Reinforcing iron and rebar workers",22.8,23.1,51070,"High school diploma or equivalent","Apprenticeship"
"686","Religious workers, all other",75.8,76.2,39370,"Bachelor's degree","None"
"687","Reservation and transportation ticket agents and travel clerks",123,124.6,39160,"High school diploma or equivalent","Short-term on-the-job training"
"688","Residential advisors",95.7,101.4,35720,"High school diploma or equivalent","Short-term on-the-job training"
"689","Respiratory therapists",133.1,149.8,70540,"Associate's degree","None"
"690","Retail salespersons",3765.6,3686.4,30600,"No formal educational credential","Short-term on-the-job training"
"691","Riggers",19.7,20,54680,"High school diploma or equivalent","Moderate-term on-the-job training"
"692","Rock splitters, quarry",4.1,4.1,46010,"No formal educational credential","Short-term on-the-job training"
"693","Rolling machine setters, operators, and tenders, metal and plastic",28.2,25.1,46310,"High school diploma or equivalent","Moderate-term on-the-job training"
"694","Roof bolters, mining",1.8,1.3,60210,"High school diploma or equivalent","Moderate-term on-the-job training"
"695","Roofers",154.5,157.6,47920,"No formal educational credential","Moderate-term on-the-job training"
"696","Rotary drill operators, oil and gas",13.2,13.2,55260,"No formal educational credential","Moderate-term on-the-job training"
"697","Roustabouts, oil and gas",42.1,43.3,43590,"No formal educational credential","Moderate-term on-the-job training"
"698","Sailors and marine oilers",30.7,31.3,47490,"No formal educational credential","Moderate-term on-the-job training"
"699","Sales and related workers, all other",136.8,142.9,44120,"High school diploma or equivalent","None"
"700","Sales engineers",60.9,63.8,108530,"Bachelor's degree","Moderate-term on-the-job training"
"701","Sales managers",554.7,577.2,130600,"Bachelor's degree","None"
"702","Sales representatives of services, except advertising, insurance, financial services, and travel",1113.2,1158.9,62400,"High school diploma or equivalent","Moderate-term on-the-job training"
"703","Sales representatives, wholesale and manufacturing, except technical and scientific products",1344.3,1353.4,63230,"High school diploma or equivalent","Moderate-term on-the-job training"
"704","Sales representatives, wholesale and manufacturing, technical and scientific products",305.6,317.1,97710,"Bachelor's degree","Moderate-term on-the-job training"
"705","Sawing machine setters, operators, and tenders, wood",49.4,49.5,36270,"High school diploma or equivalent","Moderate-term on-the-job training"
"706","School bus monitors",62.4,60.1,29880,"High school diploma or equivalent","Short-term on-the-job training"
"707","School psychologists",62.2,63,81500,"Master's degree","Internship/residency"
"708","Secondary school teachers, except special and career/technical education",1072.3,1083.4,62360,"Bachelor's degree","None"
"709","Secretaries and administrative assistants, except legal, medical, and executive",2030.2,1794.3,41000,"High school diploma or equivalent","Short-term on-the-job training"
"710","Securities, commodities, and financial services sales agents",482.2,517.7,67480,"Bachelor's degree","Moderate-term on-the-job training"
"711","Security and fire alarm systems installers",83,85.3,50130,"High school diploma or equivalent","Moderate-term on-the-job training"
"712","Security guards",1155.9,1141,34750,"High school diploma or equivalent","Short-term on-the-job training"
"713","Self-enrichment teachers",354.7,366.1,44110,"High school diploma or equivalent","None"
"714","Semiconductor processing technicians",24.6,26.6,44690,"High school diploma or equivalent","Moderate-term on-the-job training"
"715","Separating, filtering, clarifying, precipitating, and still machine setters, operators, and tenders",55.6,57.6,46250,"High school diploma or equivalent","Moderate-term on-the-job training"
"716","Septic tank servicers and sewer pipe cleaners",29.5,31.7,45610,"High school diploma or equivalent","Moderate-term on-the-job training"
"717","Service unit operators, oil and gas",39.5,39.5,50140,"No formal educational credential","Moderate-term on-the-job training"
"718","Set and exhibit designers",27.8,29.8,59990,"Bachelor's degree","None"
"719","Sewers, hand",6.9,5.8,31530,"No formal educational credential","Moderate-term on-the-job training"
"720","Sewing machine operators",141.9,120.3,31740,"No formal educational credential","Short-term on-the-job training"
"721","Shampooers",11.3,12.6,27860,"No formal educational credential","Short-term on-the-job training"
"722","Sheet metal workers",126.2,126,55350,"High school diploma or equivalent","Apprenticeship"
"723","Ship engineers",9.3,9.4,87300,"Postsecondary nondegree award","None"
"724","Shipping, receiving, and inventory clerks",862.9,790.6,37760,"High school diploma or equivalent","Short-term on-the-job training"
"725","Shoe and leather workers and repairers",9.8,8.7,32460,"High school diploma or equivalent","Moderate-term on-the-job training"
"726","Shoe machine operators and tenders",3.3,2.9,33060,"High school diploma or equivalent","Short-term on-the-job training"
"727","Shuttle drivers and chauffeurs",218.4,235.9,32800,"No formal educational credential","Short-term on-the-job training"
"728","Signal and track switch repairers",6.6,6.7,81300,"High school diploma or equivalent","Moderate-term on-the-job training"
"729","Skincare specialists",82,89.4,38060,"Postsecondary nondegree award","None"
"730","Slaughterers and meat packers",81.1,80.3,35240,"No formal educational credential","Short-term on-the-job training"
"731","Social and community service managers",178.4,194.6,74240,"Bachelor's degree","None"
"732","Social and human service assistants",415.1,450.6,38520,"High school diploma or equivalent","Short-term on-the-job training"
"733","Social science research assistants",34.4,36,50470,"Bachelor's degree","None"
"734","Social sciences teachers, postsecondary, all other",19.2,19.7,75390,"Doctoral or professional degree","None"
"735","Social scientists and related workers, all other",36.5,37.2,88900,"Bachelor's degree","None"
"736","Social work teachers, postsecondary",15.5,16.1,66510,"Doctoral or professional degree","None"
"737","Social workers, all other",68.4,72.9,61420,"Bachelor's degree","None"
"738","Sociologists",3.3,3.4,98590,"Master's degree","None"
"739","Sociology teachers, postsecondary",15,15.5,78970,"Doctoral or professional degree","None"
"740","Software developers",1594.5,2004.9,127260,"Bachelor's degree","None"
"741","Software quality assurance analysts and testers",200.8,241.6,99620,"Bachelor's degree","None"
"742","Soil and plant scientists",17.2,18.1,65730,"Bachelor's degree","None"
"743","Solar photovoltaic installers",29.4,35.9,45230,"High school diploma or equivalent","Moderate-term on-the-job training"
"744","Sound engineering technicians",17.6,17.4,60670,"Postsecondary nondegree award","Short-term on-the-job training"
"745","Special education teachers, all other",43.9,45.2,63950,"Bachelor's degree","None"
"746","Special education teachers, kindergarten and elementary school",194.7,194.6,62390,"Bachelor's degree","None"
"747","Special education teachers, middle school",82.8,82.6,62990,"Bachelor's degree","None"
"748","Special education teachers, preschool",23.8,24.3,62240,"Bachelor's degree","None"
"749","Special education teachers, secondary school",153.2,154,63560,"Bachelor's degree","None"
"750","Special effects artists and animators",89.3,96.6,98950,"Bachelor's degree","None"
"751","Speech-language pathologists",171.4,204.5,84140,"Master's degree","Internship/residency"
"752","Stationary engineers and boiler operators",33.5,34.4,67120,"High school diploma or equivalent","Long-term on-the-job training"
"753","Statistical assistants",7.4,7.2,48880,"Bachelor's degree","None"
"754","Statisticians",33.3,43.9,98920,"Master's degree","None"
"755","Stockers and order fillers",2851.6,3030.3,34220,"High school diploma or equivalent","Short-term on-the-job training"
"756","Stonemasons",13.5,12.7,50210,"High school diploma or equivalent","Apprenticeship"
"757","Structural iron and steel workers",71.6,72.9,60500,"High school diploma or equivalent","Apprenticeship"
"758","Structural metal fabricators and fitters",59.6,49.8,47200,"High school diploma or equivalent","Moderate-term on-the-job training"
"759","Substance abuse, behavioral disorder, and mental health counselors",388.2,459.6,49710,"Bachelor's degree","None"
"760","Substitute teachers, short-term",421.6,438.9,35250,"Bachelor's degree","None"
"761","Subway and streetcar operators",9.5,9.8,88260,"High school diploma or equivalent","Moderate-term on-the-job training"
"762","Surgeons, all other",26.5,26.8,239200,"Doctoral or professional degree","Internship/residency"
"763","Surgical assistants",19.7,20.7,57290,"Postsecondary nondegree award","None"
"764","Surgical technologists",109.2,115.2,55960,"Postsecondary nondegree award","None"
"765","Survey researchers",8.8,8.4,60410,"Master's degree","None"
"766","Surveying and mapping technicians",64.2,66.3,47180,"High school diploma or equivalent","Moderate-term on-the-job training"
"767","Surveyors",50.8,53.1,63080,"Bachelor's degree","Internship/residency"
"768","Switchboard operators, including answering service",48.4,36.2,34670,"High school diploma or equivalent","Short-term on-the-job training"
"769","Tailors, dressmakers, and custom sewers",33.9,29.3,34280,"No formal educational credential","Moderate-term on-the-job training"
"770","Tank car, truck, and ship loaders",13.3,13.5,53930,"No formal educational credential","Short-term on-the-job training"
"771","Tapers",18.1,17.7,62360,"No formal educational credential","Moderate-term on-the-job training"
"772","Tax examiners and collectors, and revenue agents",55,55.4,57950,"Bachelor's degree","Moderate-term on-the-job training"
"773","Tax preparers",109.5,111.1,48250,"High school diploma or equivalent","Moderate-term on-the-job training"
"774","Taxi drivers",177.3,213.7,30670,"No formal educational credential","Short-term on-the-job training"
"775","Teachers and instructors, all other",148,150.9,61250,"Bachelor's degree","None"
"776","Teaching assistants, except postsecondary",1298.9,1299.8,30920,"Some college, no degree","None"
"777","Teaching assistants, postsecondary",170.2,177.3,38050,"Bachelor's degree","None"
"778","Technical writers",53.3,57,79960,"Bachelor's degree","Short-term on-the-job training"
"779","Telecommunications equipment installers and repairers, except line installers",173.7,184.7,59960,"Postsecondary nondegree award","Moderate-term on-the-job training"
"780","Telecommunications line installers and repairers",112.1,119.6,60580,"High school diploma or equivalent","Long-term on-the-job training"
"781","Telemarketers",97.7,77.6,31030,"No formal educational credential","Short-term on-the-job training"
"782","Telephone operators",4.1,3,38330,"High school diploma or equivalent","Short-term on-the-job training"
"783","Tellers",364.1,311.1,36380,"High school diploma or equivalent","Short-term on-the-job training"
"784","Terrazzo workers and finishers",1.6,1.4,52330,"High school diploma or equivalent","Apprenticeship"
"785","Textile bleaching and dyeing machine operators and tenders",7,6.4,32680,"High school diploma or equivalent","Short-term on-the-job training"
"786","Textile cutting machine setters, operators, and tenders",11.1,9.9,34420,"High school diploma or equivalent","Moderate-term on-the-job training"
"787","Textile knitting and weaving machine setters, operators, and tenders",17.8,15.9,35750,"High school diploma or equivalent","Short-term on-the-job training"
"788","Textile winding, twisting, and drawing out machine setters, operators, and tenders",25,22.9,33720,"High school diploma or equivalent","Moderate-term on-the-job training"
"789","Textile, apparel, and furnishings workers, all other",14.3,13.2,32640,"High school diploma or equivalent","Short-term on-the-job training"
"790","Therapists, all other",42.3,47.5,60800,"Bachelor's degree","None"
"791","Tile and stone setters",59.4,63.5,48340,"No formal educational credential","Long-term on-the-job training"
"792","Timing device assemblers and adjusters",0.4,0.3,42290,"High school diploma or equivalent","Moderate-term on-the-job training"
"793","Tire builders",18.9,18.1,51650,"High school diploma or equivalent","Moderate-term on-the-job training"
"794","Tire repairers and changers",103.8,105,34240,"High school diploma or equivalent","Short-term on-the-job training"
"795","Title examiners, abstractors, and searchers",62.2,63.3,50490,"High school diploma or equivalent","Moderate-term on-the-job training"
"796","Tool and die makers",62.7,57.4,59800,"Postsecondary nondegree award","Long-term on-the-job training"
"797","Tool grinders, filers, and sharpeners",5.5,5,41940,"High school diploma or equivalent","Moderate-term on-the-job training"
"798","Tour and travel guides",53.6,58,34440,"High school diploma or equivalent","Moderate-term on-the-job training"
"799","Traffic technicians",7.6,7.9,50050,"High school diploma or equivalent","Moderate-term on-the-job training"
"800","Training and development managers",41.3,44,120000,"Bachelor's degree","None"
"801","Training and development specialists",385.8,409.9,63080,"Bachelor's degree","None"
"802","Transit and railroad police",3.4,3.5,69150,"High school diploma or equivalent","Moderate-term on-the-job training"
"803","Transportation inspectors",25.7,26.4,79570,"High school diploma or equivalent","Moderate-term on-the-job training"
"804","Transportation security screeners",51.3,51.3,47710,"High school diploma or equivalent","Short-term on-the-job training"
"805","Transportation workers, all other",12.1,12.6,37430,"High school diploma or equivalent","Short-term on-the-job training"
"806","Transportation, storage, and distribution managers",177.7,192.3,98560,"High school diploma or equivalent","None"
"807","Travel agents",66.3,68.6,46400,"High school diploma or equivalent","Moderate-term on-the-job training"
"808","Tree trimmers and pruners",66,67.6,47080,"High school diploma or equivalent","Short-term on-the-job training"
"809","Tutors",223.7,231.1,36680,"Some college, no degree","None"
"810","Umpires, referees, and other sports officials",20.4,22.4,36010,"High school diploma or equivalent","Moderate-term on-the-job training"
"811","Underground mining machine operators, all other",2.3,2,64180,"No formal educational credential","Moderate-term on-the-job training"
"812","Upholsterers",31.5,30.7,39600,"High school diploma or equivalent","Moderate-term on-the-job training"
"813","Urban and regional planners",44.7,46.4,79540,"Master's degree","None"
"814","Ushers, lobby attendants, and ticket takers",106.6,108.3,27650,"No formal educational credential","Short-term on-the-job training"
"815","Veterinarians",89.5,107.2,103260,"Doctoral or professional degree","None"
"816","Veterinary assistants and laboratory animal caretakers",114.8,138.3,34740,"High school diploma or equivalent","Short-term on-the-job training"
"817","Veterinary technologists and technicians",122.9,148.1,38240,"Associate's degree","None"
"818","Waiters and waitresses",2194.1,2125.5,29120,"No formal educational credential","Short-term on-the-job training"
"819","Watch and clock repairers",2.1,1.4,48370,"High school diploma or equivalent","Long-term on-the-job training"
"820","Water and wastewater treatment plant and system operators",124.8,116.9,51600,"High school diploma or equivalent","Long-term on-the-job training"
"821","Web and digital interface designers",117.9,135.8,83240,"Bachelor's degree","None"
"822","Web developers",98.8,115.5,78580,"Bachelor's degree","None"
"823","Weighers, measurers, checkers, and samplers, recordkeeping",55.6,54,39950,"High school diploma or equivalent","Short-term on-the-job training"
"824","Welders, cutters, solderers, and brazers",431.8,438,47540,"High school diploma or equivalent","Moderate-term on-the-job training"
"825","Welding, soldering, and brazing machine setters, operators, and tenders",32.9,30.1,44920,"High school diploma or equivalent","Moderate-term on-the-job training"
"826","Wellhead pumpers",16.2,15.9,63280,"High school diploma or equivalent","Moderate-term on-the-job training"
"827","Wind turbine service technicians",11.2,16.2,57320,"Postsecondary nondegree award","Long-term on-the-job training"
"828","Woodworkers, all other",13.5,13,35370,"High school diploma or equivalent","Moderate-term on-the-job training"
"829","Woodworking machine setters, operators, and tenders, except sawing",64.6,63.9,36830,"High school diploma or equivalent","Moderate-term on-the-job training"
"830","Word processors and typists",44,27,44330,"High school diploma or equivalent","Short-term on-the-job training"
"831","Writers and authors",151.2,156.8,73150,"Bachelor's degree","Long-term on-the-job training"
"832","Zoologists and wildlife biologists",19.1,19.7,67430,"Bachelor's degree","None"
